nounId,startTime,endTime,contract_address,evt_tx_hash,evt_index,evt_block_time,evt_block_number
1,1628442409,1628528809,\x830bd73e4184cef73443c15111a1df14e495c706,\xda9119e2e7b10039d44525dd441681610ae9939e80845913429434e3722db465,263,2021-08-08T17:06:49+00:00,12985732
2,1628531228,1628617628,\x830bd73e4184cef73443c15111a1df14e495c706,\xdb9d11cce7bf5aaba69e4a919538868d82565743ffb6053c969e623213db969f,168,2021-08-09T17:47:08+00:00,12992388
3,1628617690,1628704090,\x830bd73e4184cef73443c15111a1df14e495c706,\xa1fb4c3ea38048819d52095f243b5177235e0b24b39825936bab06b4c85166a4,107,2021-08-10T17:48:10+00:00,12998889
4,1628705130,1628791530,\x830bd73e4184cef73443c15111a1df14e495c706,\x08355920a9db0c43f49e9f367e852cadd52f22ebcd0c859cfd34d1770f5a0d28,103,2021-08-11T18:05:30+00:00,13005388
5,1628792090,1628878490,\x830bd73e4184cef73443c15111a1df14e495c706,\x9706ca4096d3733bf100f94a174288133a770b7cfed2fe4e09197cd5084e25e0,115,2021-08-12T18:14:50+00:00,13011907
6,1628878904,1628965304,\x830bd73e4184cef73443c15111a1df14e495c706,\x0be01d4141bd732fa9ae1b8d88a0994331c6b36f5e30ea7586e641b5bb729941,356,2021-08-13T18:21:44+00:00,13018438
7,1628966606,1629053006,\x830bd73e4184cef73443c15111a1df14e495c706,\x75b65764043e3ebe08a3b9e96ffe7999427e34dbdcef945925ed613dfeacc0a3,35,2021-08-14T18:43:26+00:00,13024962
8,1629056139,1629142539,\x830bd73e4184cef73443c15111a1df14e495c706,\xe8c77346fa0ae3e1c9e86f1617de3662c7d9efb61a070b98f93cc93419625eb0,345,2021-08-15T19:35:39+00:00,13031693
9,1629142627,1629229027,\x830bd73e4184cef73443c15111a1df14e495c706,\x3e00b4e2bde2dd27c248395fbc841c050d96d52b44e54ddeb6578d658e2a3ea1,47,2021-08-16T19:37:07+00:00,13038190
11,1629230568,1629316968,\x830bd73e4184cef73443c15111a1df14e495c706,\xeff78d92793a9a0636b8072c955e5bf42160f87e231487beb15029e817dbfe5b,248,2021-08-17T20:02:48+00:00,13044794
12,1629317081,1629403481,\x830bd73e4184cef73443c15111a1df14e495c706,\x3c47ddb8722acecdfdca3cf129141e5dd4e29bd339c493ca7ba8174de11da77a,630,2021-08-18T20:04:41+00:00,13051270
13,1629405025,1629491425,\x830bd73e4184cef73443c15111a1df14e495c706,\x82e72f22d5724c0f0085a54b737088bf14af89120d64cd3eaf95970d87d86c1e,133,2021-08-19T20:30:25+00:00,13057906
14,1629491939,1629578339,\x830bd73e4184cef73443c15111a1df14e495c706,\xd6e2151b829b29bf594abde70b1a9fbcc7396e7d2c29d2dc671d6b651bd745ab,114,2021-08-20T20:38:59+00:00,13064333
15,1629579363,1629665763,\x830bd73e4184cef73443c15111a1df14e495c706,\x7ee726431afff0d5146cea8353ef6f3d60f3613eb3b807bb5f1261733de32ceb,51,2021-08-21T20:56:03+00:00,13070899
16,1629666427,1629752827,\x830bd73e4184cef73443c15111a1df14e495c706,\xb45f0869c80c9a38b2a59f581397c972d977fff2897abb36d8e46e3c9d36be54,154,2021-08-22T21:07:07+00:00,13077458
17,1629753952,1629840352,\x830bd73e4184cef73443c15111a1df14e495c706,\x4b1c01423a1054c012a0c6d28752ad24bec778189a0d85ec50753a0378f85d5f,304,2021-08-23T21:25:52+00:00,13083991
18,1629841445,1629927845,\x830bd73e4184cef73443c15111a1df14e495c706,\x5d77338426379afa706d99c9729f6db85f0f8b5b17fe19e169f89547c67ed253,368,2021-08-24T21:44:05+00:00,13090596
19,1629928377,1630014777,\x830bd73e4184cef73443c15111a1df14e495c706,\x98ae92d6441407c86fbd77663656001fd7f10794b2a6e3abad29545bff408e56,29,2021-08-25T21:52:57+00:00,13097031
21,1630015799,1630102199,\x830bd73e4184cef73443c15111a1df14e495c706,\x0e5098f32caa198d5f53d231d5d2712c65fbbc55051cbfaf6f4a3d83bd2ba60b,50,2021-08-26T22:09:59+00:00,13103643
22,1630103369,1630189769,\x830bd73e4184cef73443c15111a1df14e495c706,\xa42c37e1a6fbfb63deca439db84e0aab4fa634af38643e2e38edcee760aabdad,165,2021-08-27T22:29:29+00:00,13110139
23,1630189959,1630276359,\x830bd73e4184cef73443c15111a1df14e495c706,\x9e277ea03fa4efdff06015941e67fe1d658767f40ffc3b15698aabea1ec5817e,133,2021-08-28T22:32:39+00:00,13116600
24,1630277372,1630363772,\x830bd73e4184cef73443c15111a1df14e495c706,\x27bc69b970ecd0e3a3c1173f78ea8bfa5b499e5e295b1adda8b417fd10b7d70a,83,2021-08-29T22:49:32+00:00,13123186
25,1630364924,1630451324,\x830bd73e4184cef73443c15111a1df14e495c706,\xc495e19d264a9affe45beab6282ef29fe51994eb05c74e998817b8dac208c25b,311,2021-08-30T23:08:44+00:00,13129765
26,1630452361,1630538761,\x830bd73e4184cef73443c15111a1df14e495c706,\x91f6b6d73f431d6199f1012d43fd9a9a49b9c6c7ab608c288063437a2a1b9f60,152,2021-08-31T23:26:01+00:00,13136267
27,1630540794,1630627194,\x830bd73e4184cef73443c15111a1df14e495c706,\x42edb377dd983b0c643d0c44f7c22c3a17f68fd453b95ac3ceac0e6b47d26764,270,2021-09-01T23:59:54+00:00,13142881
28,1630629066,1630715466,\x830bd73e4184cef73443c15111a1df14e495c706,\x593231df62fde68bd397447ffa55516867e502622b8a42a8abbb02e0245f3b9e,96,2021-09-03T00:31:06+00:00,13149550
29,1630716961,1630803361,\x830bd73e4184cef73443c15111a1df14e495c706,\x905be114fa616781ebe55b9933d31f92dd081be5ce971cba970e6c968b653054,153,2021-09-04T00:56:01+00:00,13156134
31,1630803582,1630889982,\x830bd73e4184cef73443c15111a1df14e495c706,\xd0e8e9d8b06c1a0c5b9de47efd7f9441795612bee3bf0da48f5b441f513f3114,332,2021-09-05T00:59:42+00:00,13162611
32,1630891375,1630977775,\x830bd73e4184cef73443c15111a1df14e495c706,\x0f0f203f978e349a4a4693a1ea3999fa8e4e0d89bea5c695827a6bcd955c75e6,224,2021-09-06T01:22:55+00:00,13169229
33,1630979414,1631065814,\x830bd73e4184cef73443c15111a1df14e495c706,\x464ecef0144a53eaee1303c76af8012435a111f3b73fc20d8475794b357b07c7,221,2021-09-07T01:50:14+00:00,13175791
34,1631067818,1631154218,\x830bd73e4184cef73443c15111a1df14e495c706,\x7ed0de783e30f58d18c67d1d0aa1f5f3769cf2665a5fcc91ba21d2fe302e945e,410,2021-09-08T02:23:38+00:00,13182366
35,1631154964,1631241364,\x830bd73e4184cef73443c15111a1df14e495c706,\x3f9c535a5c9504188db667b4283cea546934eece5e7da0541678eb1977e2abca,376,2021-09-09T02:36:04+00:00,13188901
36,1631241712,1631328112,\x830bd73e4184cef73443c15111a1df14e495c706,\x8d6c2e95d61101606e6c86846b12081b5a43cd64e534095e28fc8ddc9c5403d7,242,2021-09-10T02:41:52+00:00,13195385
37,1631328154,1631414554,\x830bd73e4184cef73443c15111a1df14e495c706,\xb61d94b5476a2c32794c7cf8d7e24fd4ab0c2949ced2285cec103c8c370ec61b,521,2021-09-11T02:42:34+00:00,13201879
38,1631414643,1631501043,\x830bd73e4184cef73443c15111a1df14e495c706,\x24dfb6139956b02069b275e4b35a1d39f1e20ced791785b358135e10eabe80ae,51,2021-09-12T02:44:03+00:00,13208313
39,1631502776,1631589176,\x830bd73e4184cef73443c15111a1df14e495c706,\x79a05605b1f2f587ce055edf896fc657f59e3d0509a00b536f05d1e045fd699e,82,2021-09-13T03:12:56+00:00,13214916
41,1631590258,1631676658,\x830bd73e4184cef73443c15111a1df14e495c706,\x724c1345ee47e283f960aec47d7d8f380dba437504237c2e7e4c5c73abf78270,67,2021-09-14T03:30:58+00:00,13221397
42,1631680132,1631766532,\x830bd73e4184cef73443c15111a1df14e495c706,\x39fc9bee26d524dc38f4c0aa19fa92d02a8cb6986eddc62e19b16aa11313c732,26,2021-09-15T04:28:52+00:00,13228133
43,1631768708,1631855108,\x830bd73e4184cef73443c15111a1df14e495c706,\xec5d3860f8a726de15e6ee89ce3a372be779d1fb14d58d9daa1645746e2e87d4,273,2021-09-16T05:05:08+00:00,13234777
44,1631856184,1631942584,\x830bd73e4184cef73443c15111a1df14e495c706,\x92aaa66515233c539f1a9c8fcacb4bee45757c306c04da2991e35d6f7ec9c730,336,2021-09-17T05:23:04+00:00,13241341
45,1631942690,1632029090,\x830bd73e4184cef73443c15111a1df14e495c706,\x667e794c51a282cef01b917f98955ccfd3ec215f8c683f9b8aa97a2780341042,62,2021-09-18T05:24:50+00:00,13247775
46,1632029857,1632116257,\x830bd73e4184cef73443c15111a1df14e495c706,\x620de573f5601732f40f05dcea974d76fd634d96e40c6b990ee6d40b6999c491,372,2021-09-19T05:37:37+00:00,13254326
47,1632117684,1632204084,\x830bd73e4184cef73443c15111a1df14e495c706,\xba8560127d046bb5b2c92cae027a8741f3301975ef37752e23e3b3b1e565cd07,331,2021-09-20T06:01:24+00:00,13260887
48,1632205921,1632292321,\x830bd73e4184cef73443c15111a1df14e495c706,\x4a1dfc38853393357328bc4ab19e85e5493cd6b618064e4f952ab60335d5e0bc,453,2021-09-21T06:32:01+00:00,13267491
49,1632293695,1632380095,\x830bd73e4184cef73443c15111a1df14e495c706,\x921fcf7ea62d2acd9caf963a0984a14638f0e810ecaa48ab2d6f5d7bbb1c70cb,36,2021-09-22T06:54:55+00:00,13274087
51,1632380382,1632466782,\x830bd73e4184cef73443c15111a1df14e495c706,\x250d7543a3ebb64b99f4f41a3c0e24475a29e60bd57f1638a797192545e94604,185,2021-09-23T06:59:42+00:00,13280518
52,1632467679,1632554079,\x830bd73e4184cef73443c15111a1df14e495c706,\xdab4b7106ea1ad4bb9522c15f7fefd2a4e2588131dd4f134b7be981fb748f0d0,393,2021-09-24T07:14:39+00:00,13287092
53,1632558206,1632644606,\x830bd73e4184cef73443c15111a1df14e495c706,\x4dab0db4640afdd0d01c3cd1cf2e27a0ba1d2e81897bf16999e6b2e603333de2,229,2021-09-25T08:23:26+00:00,13293844
54,1632646359,1632732759,\x830bd73e4184cef73443c15111a1df14e495c706,\xdab6d043ec2a488106cabb0d730e9c2a5bb7501d9a109d5160b558470ff26f69,397,2021-09-26T08:52:39+00:00,13300451
55,1632733017,1632819417,\x830bd73e4184cef73443c15111a1df14e495c706,\x390be0025d054431a214487fb417c0c8e24e1a2dcd6e236799401a5990154dc4,468,2021-09-27T08:56:57+00:00,13306860
56,1632823698,1632910098,\x830bd73e4184cef73443c15111a1df14e495c706,\x0af3d94ceba335d656a7a02506f9ab48661afdbc442cd8222f957273f510eaf8,470,2021-09-28T10:08:18+00:00,13313634
57,1632910261,1632996661,\x830bd73e4184cef73443c15111a1df14e495c706,\xe790a1bc87088279e9266137d0febd4b7495367563a8ef5377eb0c1d90acf8bf,46,2021-09-29T10:11:01+00:00,13320045
58,1632996683,1633083083,\x830bd73e4184cef73443c15111a1df14e495c706,\x463a7b861d1fc02f46ae459f9f891d75382f1285a3c531164449cb35bf4d7a74,70,2021-09-30T10:11:23+00:00,13326459
59,1633083474,1633169874,\x830bd73e4184cef73443c15111a1df14e495c706,\x81c776ef72dce74ef1230f0be2c721f6f2feb9434581249ce3374b745022b368,237,2021-10-01T10:17:54+00:00,13332839
61,1633170425,1633256825,\x830bd73e4184cef73443c15111a1df14e495c706,\xe0fb4d8e425ac669d61f6886c58a016056f6b0e8906d6d0346d25de4c342f6a1,114,2021-10-02T10:27:05+00:00,13339314
62,1633256847,1633343247,\x830bd73e4184cef73443c15111a1df14e495c706,\x613ead6fbc438e75dbbce8755eee546deeb35110251c6a3c16cda2440004f8c1,85,2021-10-03T10:27:27+00:00,13345699
63,1633344317,1633430717,\x830bd73e4184cef73443c15111a1df14e495c706,\x35b83466bf4dbff1cda9eeae7cf4401026276538c65c572cabc871a4573afaa8,140,2021-10-04T10:45:17+00:00,13352137
64,1633431966,1633518366,\x830bd73e4184cef73443c15111a1df14e495c706,\x4aa9255bad2d7eb3b705df0f8fdfbbd21069633e22481a90c7c08076ee4f277a,256,2021-10-05T11:06:06+00:00,13358713
65,1633519249,1633605649,\x830bd73e4184cef73443c15111a1df14e495c706,\x19669f2c3c255fe17490a21d70146b7b9ecca4793dc40726d70fb0d894f28420,71,2021-10-06T11:20:49+00:00,13365090
66,1633606501,1633692901,\x830bd73e4184cef73443c15111a1df14e495c706,\x0a320f7f06df1d294fa641fb83f9a8ebeb7003a2f6ea18976e84ccbf35e4cee2,84,2021-10-07T11:35:01+00:00,13371576
67,1633692904,1633779304,\x830bd73e4184cef73443c15111a1df14e495c706,\x5970bacf202cdc1ca3152ceb033d1d2a0749bece83d02a5374c6f6b7a8a06dd2,66,2021-10-08T11:35:04+00:00,13377942
68,1633780029,1633866429,\x830bd73e4184cef73443c15111a1df14e495c706,\x28f9e702569628203bd9394a72bc6f74a8e0b22b492c5bb92e841e30cac887fa,87,2021-10-09T11:47:09+00:00,13384362
69,1633867388,1633953788,\x830bd73e4184cef73443c15111a1df14e495c706,\x2bc755f642b50d5055f9df39dba272c1412edce74ea656410cdea9c66d963b65,52,2021-10-10T12:03:08+00:00,13390787
71,1633954189,1634040589,\x830bd73e4184cef73443c15111a1df14e495c706,\x6cd52d23914acc442d6f1a6d2c36f08d17530ae398ed1f61e8eec20b644c28ec,207,2021-10-11T12:09:49+00:00,13397207
72,1634041136,1634127536,\x830bd73e4184cef73443c15111a1df14e495c706,\x24ea8f00d6c766801e38a794124815946ccdc01911ebd8086959ddc4a678c112,278,2021-10-12T12:18:56+00:00,13403588
73,1634127898,1634214298,\x830bd73e4184cef73443c15111a1df14e495c706,\x63e9492afc51146a86a1945161bb8d92cd6a355e1226b5793a4842d1da959c79,327,2021-10-13T12:24:58+00:00,13409989
74,1634214303,1634300703,\x830bd73e4184cef73443c15111a1df14e495c706,\x9b191bf489e94b63a776ea341e7c4d8385aadbc989c93463cd43f6b22c4660e4,21,2021-10-14T12:25:03+00:00,13416309
75,1634301780,1634388180,\x830bd73e4184cef73443c15111a1df14e495c706,\x65962de80963a4c67cf12cfa2cc1b9f9f89f1fc407a9f586351399d8b2767bf8,131,2021-10-15T12:43:00+00:00,13422716
76,1634389433,1634475833,\x830bd73e4184cef73443c15111a1df14e495c706,\x99640861f914ca9631ed25ac8d643eb3ed7d815633e1413151fb62d87c6f3f69,158,2021-10-16T13:03:53+00:00,13429203
77,1634477258,1634563658,\x830bd73e4184cef73443c15111a1df14e495c706,\xfc6dd64cb4739bed442036a9cf85170e8e8d82f57c5157162c31b2ae6d4b4ed9,58,2021-10-17T13:27:38+00:00,13435694
78,1634563855,1634650255,\x830bd73e4184cef73443c15111a1df14e495c706,\xe1722ca02cece26d56e51894837df66ecf27dc1441f4248f6d1308bc436f54d2,128,2021-10-18T13:30:55+00:00,13442093
79,1634651986,1634738386,\x830bd73e4184cef73443c15111a1df14e495c706,\xb92386a003417ea58380ada0b10a0e3eb807cdd2097053e7cae2aa6d018fe86b,624,2021-10-19T13:59:46+00:00,13448636
81,1634739373,1634825773,\x830bd73e4184cef73443c15111a1df14e495c706,\x0fbebe899cf91b053c3ca5fcd26300477f5d1bf7da743c993e3c6fda1b761068,360,2021-10-20T14:16:13+00:00,13455098
82,1634826667,1634913067,\x830bd73e4184cef73443c15111a1df14e495c706,\x60f845ea23db02e1c5702c50f064c267278f811a76c5ae5bedf57a7f4ee29561,366,2021-10-21T14:31:07+00:00,13461568
83,1634913706,1635000106,\x830bd73e4184cef73443c15111a1df14e495c706,\x965838ae45b70b59119029b81ed2bbed18703e9c72e3aad1b87f415c6bfbf1cc,59,2021-10-22T14:41:46+00:00,13467989
84,1635001064,1635087464,\x830bd73e4184cef73443c15111a1df14e495c706,\x31af0f3c64c905398456884bab7ec8657fc2b9136225cc33a25b2b3b8d60f76f,290,2021-10-23T14:57:44+00:00,13474444
85,1635089707,1635176107,\x830bd73e4184cef73443c15111a1df14e495c706,\x1654125f2d0352db1a402c04d0c6db98e2fab826f56a2f9bd7c3871d53621406,464,2021-10-24T15:35:07+00:00,13481011
86,1635176926,1635263326,\x830bd73e4184cef73443c15111a1df14e495c706,\x377f3daa1294809687ae88995f71e52cf03731e0b3004fe5ed4b495a3dcec8be,419,2021-10-25T15:48:46+00:00,13487499
87,1635265403,1635351803,\x830bd73e4184cef73443c15111a1df14e495c706,\xf9dbf75c8c7acd20084464d7750037c410c9664d1a8d18a592c73ac622c22650,303,2021-10-26T16:23:23+00:00,13494040
88,1635356382,1635442782,\x830bd73e4184cef73443c15111a1df14e495c706,\x1cfe3fffdacd770dcfd2b647da9246501efd2bfa042e568d3c177ce68a41df0c,82,2021-10-27T17:39:42+00:00,13500790
89,1635447589,1635533989,\x830bd73e4184cef73443c15111a1df14e495c706,\xceb56a5f41a571fe9246f143fe7312bd330abc8999808b418f30264eb286cc1b,168,2021-10-28T18:59:49+00:00,13507467
91,1635534477,1635620877,\x830bd73e4184cef73443c15111a1df14e495c706,\x1b19a12a73739403c6ba6319b456c0104b6ce19eca1b341008f98221636330c0,101,2021-10-29T19:07:57+00:00,13513837
92,1635622699,1635709099,\x830bd73e4184cef73443c15111a1df14e495c706,\x536f1633428222bd4a566856d25c80e37d3492ebc22490dcb6b77b836f0a7c5e,78,2021-10-30T19:38:19+00:00,13520367
93,1635710321,1635796721,\x830bd73e4184cef73443c15111a1df14e495c706,\x3b73194189c204910b97fd90e7e1f67399eddff51968026f8f6a31b77fc225ea,68,2021-10-31T19:58:41+00:00,13526775
94,1635798394,1635884794,\x830bd73e4184cef73443c15111a1df14e495c706,\x1f7cd4242e95e4b9c5afc6fea0b0ff5878186f111f2a394a907fe550ee64388d,86,2021-11-01T20:26:34+00:00,13533299
95,1635885091,1635971491,\x830bd73e4184cef73443c15111a1df14e495c706,\x5eb4dbdf050e3592a49f02b2324b5b351f314ec5c6244544f84f8c3e139e5a1b,99,2021-11-02T20:31:31+00:00,13539668
96,1635971723,1636058123,\x830bd73e4184cef73443c15111a1df14e495c706,\x65de3d042a3a9fdb8de0a413af9129adddcd0d25b059bb8f92350199942ac6d9,19,2021-11-03T20:35:23+00:00,13546088
97,1636059028,1636145428,\x830bd73e4184cef73443c15111a1df14e495c706,\x452cf9db83f6c16819369ab90de9eba234898d9993037e32d575291ff4936d8b,130,2021-11-04T20:50:28+00:00,13552435
98,1636146239,1636232639,\x830bd73e4184cef73443c15111a1df14e495c706,\x1756c288911b30caddeb3cfc98613ec0411834795ba50291f7038f10a8f01e30,87,2021-11-05T21:03:59+00:00,13558897
99,1636233107,1636319507,\x830bd73e4184cef73443c15111a1df14e495c706,\x9c2b0e60279ebdfe3e778cc135add1df6556343837d2eb3dea44441da5d45893,235,2021-11-06T21:11:47+00:00,13565285
101,1636322643,1636409043,\x830bd73e4184cef73443c15111a1df14e495c706,\x0ecc250915d52b524b053729ca0813afe02e0dfe99841eb33cfe59e89458d4b8,223,2021-11-07T22:04:03+00:00,13571986
102,1636409065,1636495465,\x830bd73e4184cef73443c15111a1df14e495c706,\x78c33a7cfe7988481a18a1f7aae4e749471892e8f6cf3f8e4010c521e10b9f50,253,2021-11-08T22:04:25+00:00,13578299
103,1636497582,1636583982,\x830bd73e4184cef73443c15111a1df14e495c706,\xc733fb2b44411f6c801bd32ad447843319e4d6482d47d3214880b8fc6a7a6322,300,2021-11-09T22:39:42+00:00,13584846
104,1636584195,1636670595,\x830bd73e4184cef73443c15111a1df14e495c706,\xafd08a07591f8a1f3d78b2579db21b3f49ac2468b4c34aa82611db4aa7042b11,454,2021-11-10T22:43:15+00:00,13591268
105,1636671454,1636757854,\x830bd73e4184cef73443c15111a1df14e495c706,\xc41f86d6d89b14f531547e07ce083b29c8ac4b7968beec7aaaae63815d25b0c3,193,2021-11-11T22:57:34+00:00,13597690
106,1636758555,1636844955,\x830bd73e4184cef73443c15111a1df14e495c706,\x5bb877b5fba48e9eeea64433d6f555746ff86b6b3a9bf0cb6b3e518b94673e74,137,2021-11-12T23:09:15+00:00,13604148
107,1636845631,1636932031,\x830bd73e4184cef73443c15111a1df14e495c706,\xeaa221dcd146e40ca25cf67cf512bcf291f0680a4529bdcb699f1f8d8d9509c8,594,2021-11-13T23:20:31+00:00,13610532
108,1636932352,1637018752,\x830bd73e4184cef73443c15111a1df14e495c706,\xdce7e0d3cc5e7d1a6aefc0e903c1fa851031f4d9e2384b9d39759373140feb3a,43,2021-11-14T23:25:52+00:00,13616914
109,1637019989,1637106389,\x830bd73e4184cef73443c15111a1df14e495c706,\xfcf632495985e9962fdee33eac0af94074c7b3d4b18fc9767728569081742bcc,65,2021-11-15T23:46:29+00:00,13623320
111,1637106530,1637192930,\x830bd73e4184cef73443c15111a1df14e495c706,\xc257a176006d2b470b33ed13bddd70b6c025cff4637380782579affd05900b22,524,2021-11-16T23:48:50+00:00,13629574
112,1637197757,1637284157,\x830bd73e4184cef73443c15111a1df14e495c706,\xfa2ae632a8a92f8bd7609f07afbd996dffcd4fca3176f22dfb46bd7314ef7041,230,2021-11-18T01:09:17+00:00,13636322
113,1637286107,1637372507,\x830bd73e4184cef73443c15111a1df14e495c706,\x33db3fecec464e00bfd538937c27f24679ac407123eaeba451f2bc8860bdcc3b,10,2021-11-19T01:41:47+00:00,13642861
114,1637373392,1637459792,\x830bd73e4184cef73443c15111a1df14e495c706,\x5b0d539e807b4cbbdaaa45ddcf4e8cf9dafb198a676747e762ed10c068e7d27f,30,2021-11-20T01:56:32+00:00,13649132
115,1637459994,1637546394,\x830bd73e4184cef73443c15111a1df14e495c706,\x9bce15bda28ccb87b9f0c79f64b8b1692739cb509290958cc2f48bc93ca15fa1,444,2021-11-21T01:59:54+00:00,13655431
116,1637547128,1637633528,\x830bd73e4184cef73443c15111a1df14e495c706,\x9d6e377eda68ad52ceb6e1fd09b081666f5b5553bb53087b7afa34d0dde26d66,62,2021-11-22T02:12:08+00:00,13661786
117,1637638372,1637724772,\x830bd73e4184cef73443c15111a1df14e495c706,\xad1879bef96ca5a4b4324013558de38b9ef486db67aa4bb345e00abf997fc9ed,42,2021-11-23T03:32:52+00:00,13668516
118,1637726692,1637813092,\x830bd73e4184cef73443c15111a1df14e495c706,\x0d35ba888f5f154e850f873e2a5f0900aa94ecaa6241b46f6830a4c7df880c66,582,2021-11-24T04:04:52+00:00,13675004
119,1637815735,1637902135,\x830bd73e4184cef73443c15111a1df14e495c706,\xf36a4d9e6b749cb7598373b759da6e71c0b42090054ac006d9acaafaa4c2e08f,409,2021-11-25T04:48:55+00:00,13681496
121,1637902835,1637989235,\x830bd73e4184cef73443c15111a1df14e495c706,\x9203ac5d0fdfba2994cffbdf019d035930e331cd61f7b3a4817c8d8ada2de6ad,460,2021-11-26T05:00:35+00:00,13687793
122,1637990400,1638076800,\x830bd73e4184cef73443c15111a1df14e495c706,\x0bf6fd72ad1712f8c0ba004033f81cfd3d9ae9acf492c2244d5919fc1bd372a3,82,2021-11-27T05:20:00+00:00,13694193
123,1638078072,1638164472,\x830bd73e4184cef73443c15111a1df14e495c706,\x9e20a70821c6ecca816682c222e210ecfecfcb2c72f5c7e6886cae8c450087fb,307,2021-11-28T05:41:12+00:00,13700622
124,1638165562,1638251962,\x830bd73e4184cef73443c15111a1df14e495c706,\x0d8fa30965538a4ff2f19f7169ecc7f1bb3c66c009fff8adaa4a633c4afd0ae0,97,2021-11-29T05:59:22+00:00,13706900
125,1638252339,1638338739,\x830bd73e4184cef73443c15111a1df14e495c706,\x284126d49040368c4a629fe65f28b289a4377eb23a580fb092fe9e4cafa68f78,97,2021-11-30T06:05:39+00:00,13713201
126,1638339559,1638425959,\x830bd73e4184cef73443c15111a1df14e495c706,\x5ad7cfccbe9f91c3addd47016ba3b37a194a1a9aedbcfda733e032b75f936741,167,2021-12-01T06:19:19+00:00,13719496
127,1638426242,1638512642,\x830bd73e4184cef73443c15111a1df14e495c706,\xd03fa0bd3821c729eb6cf7177fc8a20578ac28e080883ce77e669f68790aa1e1,49,2021-12-02T06:24:02+00:00,13725774
128,1638512697,1638599097,\x830bd73e4184cef73443c15111a1df14e495c706,\x394acaf9e9e03975f57e1caeae0614e38065e3506766abedeab3ed330aa6abc5,789,2021-12-03T06:24:57+00:00,13731985
129,1638601771,1638688171,\x830bd73e4184cef73443c15111a1df14e495c706,\x6e7ce5e9c8d07a4706a43bcc1b68183484f6d1e40fee1d1f5bfa4360aebdffc9,183,2021-12-04T07:09:31+00:00,13738444
131,1638688954,1638775354,\x830bd73e4184cef73443c15111a1df14e495c706,\x29c0b0822eb1aaac9e08ac6bcf230ade7b69eda797043e3fa8c99bec60faa722,95,2021-12-05T07:22:34+00:00,13744739
132,1638775387,1638861787,\x830bd73e4184cef73443c15111a1df14e495c706,\x693b018b922a42081b74ff2b9886737908ea712a7bd28c5e57c58ce24477c11b,334,2021-12-06T07:23:07+00:00,13750930
133,1638861838,1638948238,\x830bd73e4184cef73443c15111a1df14e495c706,\x9b8906afa0434f523c076499b410edf42d10443bfd101844b100df73ee349ec1,231,2021-12-07T07:23:58+00:00,13757268
134,1638948501,1639034901,\x830bd73e4184cef73443c15111a1df14e495c706,\xa6104a88011d3b040588bedf3f7d91447ac58d8f94ec6e062485c8c68d66be26,72,2021-12-08T07:28:21+00:00,13763506
135,1639035567,1639121967,\x830bd73e4184cef73443c15111a1df14e495c706,\x1866fdb482848c73aeb87895f0fbf7aa4fbf266dd2d64987860cab73823ad93f,136,2021-12-09T07:39:27+00:00,13769808
136,1639124424,1639210824,\x830bd73e4184cef73443c15111a1df14e495c706,\xc9ce1cfc0852d49e78cb2f2787adae2840dcadfa26ade96d2df06fe947053852,100,2021-12-10T08:20:24+00:00,13776238
137,1639214562,1639300962,\x830bd73e4184cef73443c15111a1df14e495c706,\x8c297a21db0bfb7da8e739f81a2bf2c717f28167bc5d5f3f37d1fc8e5abcd97e,138,2021-12-11T09:22:42+00:00,13783005
138,1639302040,1639388440,\x830bd73e4184cef73443c15111a1df14e495c706,\xde90389fd7c689980532f265c5b081114eadaeb9658f8a584d555d3a509e66d6,479,2021-12-12T09:40:40+00:00,13789544
139,1639389337,1639475737,\x830bd73e4184cef73443c15111a1df14e495c706,\x5aecef5f3ca1c90c2e0896ae258ef940611a538e3f8b585ed2493cb6c9a26127,33,2021-12-13T09:55:37+00:00,13796129
141,1639476703,1639563103,\x830bd73e4184cef73443c15111a1df14e495c706,\x575249317fd2fc08be24b8b3b54e96ba8ae78aa2eaa49d9a107a0679f0c6bb5f,124,2021-12-14T10:11:43+00:00,13802677
142,1639563397,1639649797,\x830bd73e4184cef73443c15111a1df14e495c706,\xb03ad8b83b4fbb62ff20dd8436ead831ae28410b4e3eb46ffd4f03730d8e83d1,101,2021-12-15T10:16:37+00:00,13809150
143,1639650104,1639736504,\x830bd73e4184cef73443c15111a1df14e495c706,\x5cac19fe821653cf26fb28cb29b1acce56faab2279a593d7f7f9b1700845ef75,355,2021-12-16T10:21:44+00:00,13815654
144,1639737177,1639823577,\x830bd73e4184cef73443c15111a1df14e495c706,\x029b85ed5b6d9cfc506e780b17ac0ccded9cc2c854a5aacdb259eddeb03f2b09,170,2021-12-17T10:32:57+00:00,13822139
145,1639825211,1639911611,\x830bd73e4184cef73443c15111a1df14e495c706,\x239a96b4a0f4e62b8f6b22d074e042ad96224157b47df9ce05acee6b04cadc2f,47,2021-12-18T11:00:11+00:00,13828752
146,1639911860,1639998260,\x830bd73e4184cef73443c15111a1df14e495c706,\x193bb38a618a3464fb452f4af3351813a1eafc7914f25a0bafee6e6aaa871d64,121,2021-12-19T11:04:20+00:00,13835169
147,1639998965,1640085365,\x830bd73e4184cef73443c15111a1df14e495c706,\xd280d0d5f21a7f705207fa139794d29f61df1f07f06cefcbadb9d88f3e42ccd7,438,2021-12-20T11:16:05+00:00,13841685
148,1640086614,1640173014,\x830bd73e4184cef73443c15111a1df14e495c706,\x835b8872b0ee60daed29d19a952d0cad3425e9af11eb867560bfcdad20e6dca0,333,2021-12-21T11:36:54+00:00,13848304
149,1640173747,1640260147,\x830bd73e4184cef73443c15111a1df14e495c706,\x31d0f96fb8f0ce752c1fa4b0d3d60030282a41a5028b7cefe8953d017c39f820,106,2021-12-22T11:49:07+00:00,13854829
151,1640261643,1640348043,\x830bd73e4184cef73443c15111a1df14e495c706,\x36edc639cd67cc37a4906004c5a24683f18f97eac220a58dc19a9524e7a5c523,665,2021-12-23T12:14:03+00:00,13861341
152,1640349706,1640436106,\x830bd73e4184cef73443c15111a1df14e495c706,\x758b5c3ca522f6f93329e2ebafe0f0fe5176cdb382ac63aece9b6be5b9f14ae8,141,2021-12-24T12:41:46+00:00,13867941
153,1640437046,1640523446,\x830bd73e4184cef73443c15111a1df14e495c706,\xc8a666e0b8c091755d86caa81b100aed572406931207a0dbb26a344a4021fce9,79,2021-12-25T12:57:26+00:00,13874468
154,1640523507,1640609907,\x830bd73e4184cef73443c15111a1df14e495c706,\xf4266e76c8c0930dd51fd6b6dfc44400c4d79c3cca441d56d7dda5a54803272b,250,2021-12-26T12:58:27+00:00,13880958
155,1640611817,1640698217,\x830bd73e4184cef73443c15111a1df14e495c706,\x0433a8a9a091d53aeab397c8c7b29ebbe73b4d808e13e1ca56236a788b484a2d,87,2021-12-27T13:30:17+00:00,13887575
156,1640698260,1640784660,\x830bd73e4184cef73443c15111a1df14e495c706,\x503c8473aaddd1234a03651d68edf4f78a9600ac580e5f255b1d26deec25d393,580,2021-12-28T13:31:00+00:00,13894011
157,1640785105,1640871505,\x830bd73e4184cef73443c15111a1df14e495c706,\xebd837e4e39dae61ef14e38a4f2cb7146df6efd8ed4ec4271af35c715eb99d20,101,2021-12-29T13:38:25+00:00,13900524
158,1640871795,1640958195,\x830bd73e4184cef73443c15111a1df14e495c706,\xa6124e1ccd52102896124bc18561d17b4c47db8ae82bd0113d8c23c40e87895b,75,2021-12-30T13:43:15+00:00,13907016
159,1640958693,1641045093,\x830bd73e4184cef73443c15111a1df14e495c706,\x6d205180509f496e66a9465261f353a82178077b38cab78c6e4b0083f3c57c11,49,2021-12-31T13:51:33+00:00,13913502
161,1641045181,1641131581,\x830bd73e4184cef73443c15111a1df14e495c706,\xd8f5a0da419009969286ab3c311cf56be0a0fe863cbcfdbddaa1ce7c7b0be912,514,2022-01-01T13:53:01+00:00,13919930
162,1641131681,1641218081,\x830bd73e4184cef73443c15111a1df14e495c706,\x86d1fdf70847f6bbeb262cfd965fb2e796d6a3830f87bf24570d1a5751498ebc,51,2022-01-02T13:54:41+00:00,13926372
163,1641218351,1641304751,\x830bd73e4184cef73443c15111a1df14e495c706,\x7d71b64f628fdb67ecdff38c07fd2ea9bd46d7be96ecfc7dfc50495a81536668,84,2022-01-03T13:59:11+00:00,13932884
164,1641305595,1641391995,\x830bd73e4184cef73443c15111a1df14e495c706,\x6de2bd9cda1c34642d876d4de64919e57aaa1e059e4b04c7d052082fc309bca6,51,2022-01-04T14:13:15+00:00,13939438
165,1641393090,1641479490,\x830bd73e4184cef73443c15111a1df14e495c706,\x0dc68567df5052e5788b1a755799b7b96196634fb2e06ea97a642fffdf803fbd,233,2022-01-05T14:31:30+00:00,13945998
166,1641480226,1641566626,\x830bd73e4184cef73443c15111a1df14e495c706,\xeb3a0cd3c423dd760b7b73cb00619ca74524731a21256ff4df03470fcd54830e,362,2022-01-06T14:43:46+00:00,13952447
167,1641568399,1641654799,\x830bd73e4184cef73443c15111a1df14e495c706,\x0715fb2a5343bcb559acd150e703a4da7aedb900015275cef194a3858a742ffd,53,2022-01-07T15:13:19+00:00,13959047
168,1641655133,1641741533,\x830bd73e4184cef73443c15111a1df14e495c706,\xc6cf32b56fb68f129138503e2ef171adefde74b951a8bb031c15036951efe219,491,2022-01-08T15:18:53+00:00,13965528
169,1641742827,1641829227,\x830bd73e4184cef73443c15111a1df14e495c706,\x2ab7a0f77baa648ee8d7579c6b59a8b63e71eb4d688eadc930510328e5ac6596,18,2022-01-09T15:40:27+00:00,13972200
171,1641829715,1641916115,\x830bd73e4184cef73443c15111a1df14e495c706,\x3e7ed1fda31802f8dd1b6dc05723d8214502949abb8547b129f747dfa6c5ab40,370,2022-01-10T15:48:35+00:00,13978656
172,1641916539,1642002939,\x830bd73e4184cef73443c15111a1df14e495c706,\x1aab11b7be7d71185603f2b396d83e2d536db5b4468ade9ecc031368105c2323,217,2022-01-11T15:55:39+00:00,13985166
173,1642003661,1642090061,\x830bd73e4184cef73443c15111a1df14e495c706,\x29cb78e631ea23870a3741b6e3bbade78b7765484193082fd06066f38691b6d2,134,2022-01-12T16:07:41+00:00,13991682
174,1642091368,1642177768,\x830bd73e4184cef73443c15111a1df14e495c706,\x8af0c36e71a3d2e48133630171c9f5c814c69175eadd216c7e823e6e764d1878,193,2022-01-13T16:29:28+00:00,13998270
175,1642178833,1642265233,\x830bd73e4184cef73443c15111a1df14e495c706,\xa3adfbbafd62da64d8cab52490dfd791445801b03ff08856bacfa0c01ca8c6be,139,2022-01-14T16:47:13+00:00,14004786
176,1642265833,1642352233,\x830bd73e4184cef73443c15111a1df14e495c706,\x40b818f47da81452b47b90142ea8bb4801f404ef3547c644d38793a62c436b64,9,2022-01-15T16:57:13+00:00,14011220
177,1642353251,1642439651,\x830bd73e4184cef73443c15111a1df14e495c706,\x3f7421d680af035de63b6b28ce7e4204700897a968c3f688d10b3a242f713336,23,2022-01-16T17:14:11+00:00,14017848
178,1642440823,1642527223,\x830bd73e4184cef73443c15111a1df14e495c706,\x477873987fc483d3eb34d33fe0d04bdad5dba4f7b233b2eb171e2fba910cf414,237,2022-01-17T17:33:43+00:00,14024417
179,1642528413,1642614813,\x830bd73e4184cef73443c15111a1df14e495c706,\xdf064255b970d5862ff4e9bfd678787462b4e4841f0e9775e29f69af4121a1a9,73,2022-01-18T17:53:33+00:00,14030995
181,1642615905,1642702305,\x830bd73e4184cef73443c15111a1df14e495c706,\xfe4edeee032c710f18b9e236f5c574ef088a611dd6612ba13be94e3cb0465cd2,286,2022-01-19T18:11:45+00:00,14037502
182,1642703774,1642790174,\x830bd73e4184cef73443c15111a1df14e495c706,\x6be51fd20f8c71edb57b840a0fa8002b06694e591ee05585c3234dda890f7d6a,262,2022-01-20T18:36:14+00:00,14044123
183,1642790775,1642877175,\x830bd73e4184cef73443c15111a1df14e495c706,\x7c2983c2e1996c1032c14090e21c8dcdeb43da8909bf908ed21b7cee6728a9f7,39,2022-01-21T18:46:15+00:00,14050609
184,1642878150,1642964550,\x830bd73e4184cef73443c15111a1df14e495c706,\x2121281d28b8404464725e273aecaa4f88d9949bf10e1ce6c24afd341dd040ed,148,2022-01-22T19:02:30+00:00,14057169
185,1642964885,1643051285,\x830bd73e4184cef73443c15111a1df14e495c706,\x272c975a0a2b442deb93cdfc7592059a2851cc6305318d9b010a4699cced6543,35,2022-01-23T19:08:05+00:00,14063690
186,1643052450,1643138850,\x830bd73e4184cef73443c15111a1df14e495c706,\x676aff9f8381efef43c9efbca7830da64d0613ef4b775a4c39d743720de00f0f,40,2022-01-24T19:27:30+00:00,14070197
187,1643140074,1643226474,\x830bd73e4184cef73443c15111a1df14e495c706,\x1758d3dc4f5d21ab52b7b67f0e42ee8814af937261117e904b49e0864526cbd3,151,2022-01-25T19:47:54+00:00,14076713
188,1643226910,1643313310,\x830bd73e4184cef73443c15111a1df14e495c706,\x064f00297c3a251522a3a65cb433479d7abeeb6ef7f8442c886e90f43da22ccc,50,2022-01-26T19:55:10+00:00,14083270
189,1643314224,1643400624,\x830bd73e4184cef73443c15111a1df14e495c706,\x7a918a47bdbde90c095b32e9ab3744f032fc610fce2e874690684d7e9040ef5d,96,2022-01-27T20:10:24+00:00,14089781
191,1643401203,1643487603,\x830bd73e4184cef73443c15111a1df14e495c706,\xce10abfea9d2cb79fc8d94393809532b5809c2386e2026a24cad07f30208c415,40,2022-01-28T20:20:03+00:00,14096285
192,1643488824,1643575224,\x830bd73e4184cef73443c15111a1df14e495c706,\xefc80f12e2af119592a26cb362bc761e493e85612da6a8afdee466170b3d4a61,64,2022-01-29T20:40:24+00:00,14102876
193,1643576120,1643662520,\x830bd73e4184cef73443c15111a1df14e495c706,\xe7d4225c04e990042d894ba49aefcd87b55cd6e37f38ace292d07db3cac23b24,207,2022-01-30T20:55:20+00:00,14109443
194,1643664053,1643750453,\x830bd73e4184cef73443c15111a1df14e495c706,\xa21f27d5de8b5e9a2f108228c5127a6b1d94c6f795623271b8150ab2f6d0cfb6,55,2022-01-31T21:20:53+00:00,14116048
195,1643750865,1643837265,\x830bd73e4184cef73443c15111a1df14e495c706,\xc13cd02e1a0dd3e20f3931a601cbe626f438087864cbb7cc565b4a3bea07d572,175,2022-02-01T21:27:45+00:00,14122548
196,1643838610,1643925010,\x830bd73e4184cef73443c15111a1df14e495c706,\x5cac0090e56df064374dac3d7cc2ef6ef656079b30fc39c092a3b33d50e685ba,118,2022-02-02T21:50:10+00:00,14129136
197,1643925089,1644011489,\x830bd73e4184cef73443c15111a1df14e495c706,\x2c6f7957ba7683c673e1664715d34c034518de540a21884a8d49041a4e3c3a88,66,2022-02-03T21:51:29+00:00,14135543
198,1644012013,1644098413,\x830bd73e4184cef73443c15111a1df14e495c706,\xcde85c7cf27bf1b95bb3f4c9667bf6a17ea2339f06a6738568e8e4aae46c0b64,28,2022-02-04T22:00:13+00:00,14142166
199,1644099177,1644185577,\x830bd73e4184cef73443c15111a1df14e495c706,\xa6702d6f69645cc3553ae497c901cf74cffd7f5321d41510a22069e8270086dc,100,2022-02-05T22:12:57+00:00,14148600
201,1644186853,1644273253,\x830bd73e4184cef73443c15111a1df14e495c706,\x207900348caad3b71be2f4f57cc073d30726bd8c321ae6ebeb386b116cd1d4e1,35,2022-02-06T22:34:13+00:00,14155224
202,1644273818,1644360218,\x830bd73e4184cef73443c15111a1df14e495c706,\x4d09252a380267c87b479870fc4ce50b17b3b1f6a9b483e0279c52862b3a59b8,22,2022-02-07T22:43:38+00:00,14161754
203,1644361548,1644447948,\x830bd73e4184cef73443c15111a1df14e495c706,\x432fdd7be8aa1948d1e30959a8efc3e276304fbb2bf9544b69e1a5f83ad6eb8d,261,2022-02-08T23:05:48+00:00,14168303
204,1644449202,1644535602,\x830bd73e4184cef73443c15111a1df14e495c706,\x4b0b9419eebb6bc0723af54ebfec93f1c96651e496919e5316369894a1d452fb,337,2022-02-09T23:26:42+00:00,14174824
205,1644536267,1644622667,\x830bd73e4184cef73443c15111a1df14e495c706,\xc5b034f29c826558864bfe4b4fe8a21a6104505e69a85dfbf10d8377b5cbaa99,46,2022-02-10T23:37:47+00:00,14181326
206,1644623644,1644710044,\x830bd73e4184cef73443c15111a1df14e495c706,\x4d7376ab61cd600385342be5dd9b8faa51c8af40ed0d2a4ccd92f3351cc8a1bf,38,2022-02-11T23:54:04+00:00,14187921
207,1644710227,1644796627,\x830bd73e4184cef73443c15111a1df14e495c706,\xed301a2b63b24621c1b51bbc2d8adad23fc77bfbc70df4124e9a815f8faf4cb4,16,2022-02-12T23:57:07+00:00,14194396
208,1644796966,1644883366,\x830bd73e4184cef73443c15111a1df14e495c706,\x77677e686f63c65160ea30abd913c72550d377931aa4a3e4883f9ced56be785e,55,2022-02-14T00:02:46+00:00,14200902
209,1644884491,1644970891,\x830bd73e4184cef73443c15111a1df14e495c706,\xef905b71b5d79b94a9975bdc94b5fd298922bc0fb0845b01199b996eb23cb3df,33,2022-02-15T00:21:31+00:00,14207436
211,1644972944,1645059344,\x830bd73e4184cef73443c15111a1df14e495c706,\xf41b291594cfa262d1e6f9a474890087680c554f2cb478ba4e8a84ec16e9f504,45,2022-02-16T00:55:44+00:00,14214089
212,1645059399,1645145799,\x830bd73e4184cef73443c15111a1df14e495c706,\xe90887f820ee898e79c191e5552eadf554869e7342677dbd64a769882554ae52,36,2022-02-17T00:56:39+00:00,14220514
213,1645145872,1645232272,\x830bd73e4184cef73443c15111a1df14e495c706,\x94e8cb7e3baec48613881e68bdf8ba06ecf0d1d0d7dd781be18e2b7684af43f4,123,2022-02-18T00:57:52+00:00,14227012
214,1645233883,1645320283,\x830bd73e4184cef73443c15111a1df14e495c706,\x49a2f5309c1482f818d93dc7eb29516e57fd60a14c7e4544da31111398bb08fc,27,2022-02-19T01:24:43+00:00,14233537
215,1645320857,1645407257,\x830bd73e4184cef73443c15111a1df14e495c706,\x3709b5143f32d022ce4910519c0c99ba6badcaa97ce3b5998369a02b72273833,26,2022-02-20T01:34:17+00:00,14239997
216,1645408001,1645494401,\x830bd73e4184cef73443c15111a1df14e495c706,\x35008f27861deef17f970b1aa67e4ccf05c0f1f8f30bade26cb879b077661211,12,2022-02-21T01:46:41+00:00,14246560
217,1645495041,1645581441,\x830bd73e4184cef73443c15111a1df14e495c706,\x2766fbfc596021fb166f67cff132384ecb8f4a57e4ea65c4cf476caeed6b44c8,17,2022-02-22T01:57:21+00:00,14253053
218,1645582065,1645668465,\x830bd73e4184cef73443c15111a1df14e495c706,\xf96641b05a688f6d2c0cc4c4bf2123f6add0e5187f106fc4a4e57ca9182cfb60,9,2022-02-23T02:07:45+00:00,14259565
219,1645669396,1645755796,\x830bd73e4184cef73443c15111a1df14e495c706,\xe8bb76a250662add8cfb4e9f6887838d6191b79fb155bb1b87d34f4779400c5d,45,2022-02-24T02:23:16+00:00,14266094
221,1645755805,1645842205,\x830bd73e4184cef73443c15111a1df14e495c706,\x92a4e1f102167dd6cc3e25af26121f7f0206dbf9d32ec856aaddded8316fdc49,53,2022-02-25T02:23:25+00:00,14272568
222,1645842875,1645929275,\x830bd73e4184cef73443c15111a1df14e495c706,\x5beb9e941169d391f96bea50a5c8f327399e58bd45178812edacc51b57756c7f,91,2022-02-26T02:34:35+00:00,14279056
223,1645929977,1646016377,\x830bd73e4184cef73443c15111a1df14e495c706,\x709938998f8a59b001342baa9f45a96c4db9c03995cbb5c2905688dbf6367c3f,10,2022-02-27T02:46:17+00:00,14285625
224,1646016683,1646103083,\x830bd73e4184cef73443c15111a1df14e495c706,\xe201876481d5f043f992284383b04b2df1447fbab806bdcad7465a59fbeb81f3,9,2022-02-28T02:51:23+00:00,14292033
225,1646103332,1646189732,\x830bd73e4184cef73443c15111a1df14e495c706,\x69719478d8bcda81193c9301d2516a650c3cd0b82ee29d0d35f831c792eb6ebf,46,2022-03-01T02:55:32+00:00,14298539
226,1646190283,1646276683,\x830bd73e4184cef73443c15111a1df14e495c706,\xe7fe7722cd00044624d00e7007d336199fa5eb0e94dfbb60e4127df291910d99,33,2022-03-02T03:04:43+00:00,14305066
227,1646277532,1646363932,\x830bd73e4184cef73443c15111a1df14e495c706,\xc75e71996a956c388b629dd9293ed0d902a7fbc9b6b2e337f1e3c4dc3a7b58ee,15,2022-03-03T03:18:52+00:00,14311549
228,1646365409,1646451809,\x830bd73e4184cef73443c15111a1df14e495c706,\xd53cf35f9ba01a0ad2456ed46b5d0252ec0a315dcda8321336a030a399f795c3,359,2022-03-04T03:43:29+00:00,14318105
229,1646452463,1646538863,\x830bd73e4184cef73443c15111a1df14e495c706,\xeb05547a227e1764bc91a44ac183652076b4859e7975b00e45493ce28665709b,29,2022-03-05T03:54:23+00:00,14324593
